{"K": [[536.8053440553133, 0.0, 310.4497775034432], [0.0, 538.1881626552579, 241.0458362306309], [0.0, 0.0, 1.0]], "resolution": [480, 640]}
